{
  "model_version": "v1-dbddda38",
  "created_at": "2025-12-23T03:37:53.449762Z",
  "feature_order": [
    "txn_count_24h",
    "txn_amount_sum_24h",
    "failed_logins_1h",
    "account_age_days",
    "unique_countries_7d",
    "avg_txn_amount_30d"
  ],
  "feature_defaults": {
    "txn_count_24h": 0,
    "txn_amount_sum_24h": 0.0,
    "failed_logins_1h": 0,
    "account_age_days": 0,
    "unique_countries_7d": 0,
    "avg_txn_amount_30d": 0.0
  },
  "band_thresholds": {
    "low": 0.33,
    "med": 0.66
  },
  "params_hash": "dbddda38a143b7cc",
  "coefficients": {
    "txn_count_24h": 3.308873692648114,
    "txn_amount_sum_24h": 2.0359085140967292,
    "failed_logins_1h": 1.1135034404394408,
    "account_age_days": -1.7359910461776342,
    "unique_countries_7d": 2.854336147011098,
    "avg_txn_amount_30d": 1.1605467214765548
  },
  "intercept": -5.753376994530607,
  "scaler_mean": {
    "txn_count_24h": 3.359125,
    "txn_amount_sum_24h": 192.64453373453145,
    "failed_logins_1h": 0.4775,
    "account_age_days": 181.82792973864113,
    "unique_countries_7d": 1.818125,
    "avg_txn_amount_30d": 143.23914567148128
  },
  "scaler_scale": {
    "txn_count_24h": 3.6698302732381616,
    "txn_amount_sum_24h": 308.6283946768833,
    "failed_logins_1h": 0.9549836386033566,
    "account_age_days": 182.31668449291425,
    "unique_countries_7d": 1.571956260325066,
    "avg_txn_amount_30d": 166.7753753651704
  },
  "metrics": {
    "train_accuracy": 1.0,
    "test_accuracy": 1.0,
    "train_samples": 8000,
    "test_samples": 2000,
    "fraud_rate": 0.15,
    "mean_score": 0.15052695587659484,
    "std_score": 0.3563192247122191
  }
}